1559866735578083328,bascodes,2022-08-17 11:36:25+00:00,ğŸ’¡ğŸThe difference between equality in #Python:  Let's have a look at the ğš’ğšœ and == operators  ğŸ‘‡ #tweet100 https://t.co/GX8ofUYRZu
1559866737461542912,saigitaurusbaby,2022-08-17 11:36:25+00:00,Hello Tech Twitter; I am Ayomide.  A 17yr old that is a passionate Full Stack Developer &amp; a Data Analyst from Lagos Nigeria.  My learnings so far are Html; Css; JavaScript; GitHub; Bootstrap; Figma; NodeJs; Express; MongoDb; Python for data analysis; PowerBi; Ms Excel; â€¦.. https://t.co/4aE0ZWFsLn
1559866742595149824,NMuheko,2022-08-17 11:36:27+00:00,ğŸ’¡ğŸThe difference between equality in #Python:  Let's have a look at the ğš’ğšœ and == operators  ğŸ‘‡ #tweet100 https://t.co/GX8ofUYRZu
1559866743266353153,ProWriter__,2022-08-17 11:36:27+00:00,We are offering tutoring and essay writing serivices for fall Classes in:  Maths #Statistics #ML #MachineLearning  #DataScience #DeepLearning  #AI  #Python #Tech #IIoT #NLP #java #Coding #womenintech #devcommunity #Businessstudies Public Administration. Dm @ProWriter__
1559866745070194688,andromedakh,2022-08-17 11:36:27+00:00,6/ Awesome Python  A curated list of awesome Python frameworks; libraries; software; and resources.  https://t.co/kgmrDEMimv
1559866745963397121,Shyamu_Bot,2022-08-17 11:36:27+00:00,Node.js API Masterclass With Express &amp; MongoDB -&gt; https://t.co/uoXesPUfjk  #udemy #coupons #webdevelopment #javascript30 #bootstrap4 #css3 #React #Nodejs #Angular #PHP #HTML5 #WordPress #vuejs #Redux #Django #Python #100DaysOfCode
1559866746705698821,D_only_JayJay,2022-08-17 11:36:27+00:00,Hello Tech Twitter; I am Ayomide.  A 17yr old that is a passionate Full Stack Developer &amp; a Data Analyst from Lagos Nigeria.  My learnings so far are Html; Css; JavaScript; GitHub; Bootstrap; Figma; NodeJs; Express; MongoDb; Python for data analysis; PowerBi; Ms Excel; â€¦.. https://t.co/4aE0ZWFsLn
1559866756076040192,mdbijon,2022-08-17 11:36:30+00:00,Are you looking android developer ? I will convert your website; YouTube and webPage responsive Android app.  Visit https://t.co/fn3Bxr48Oj #100DaysOfCode #programmer #Programming #development #developer #softwere #softweredevelopment #PHP #Java #Python #vuejs #javascript
1559866756277145600,siddiqueshakr__,2022-08-17 11:36:30+00:00,Bro everyone is into software development now ğŸ˜¹ Everyday for my TL and TikTok as well ago dey see Data Analytics; Front end back end; SQL ; Python; JavaScript .  Aaahba ğŸ˜¹ğŸ˜¹
1559866801491697666,rosiaXbot,2022-08-17 11:36:41+00:00,Day 26: of #100DaysOfCode; now understand how list and dictionary comprehensions work after seeing them on stack overflow a few weeks back #Python
1559866804104749056,whopcod,2022-08-17 11:36:41+00:00,Startups with low budget and employees who have bills to pay ğŸ˜…ğŸ˜‚ğŸ˜‚ #programming #programmers #SoftwareDeveloper #SoftwareEngineer #javascript #programmingmemes #Python #SQL #code #coding #codinglife #tech #webdesign #softwareengineer #php #HTML #css #DataScience #computerscience https://t.co/NZeOvPZ5zo
1559866814217297920,MrBaggieBug,2022-08-17 11:36:44+00:00,@nagbergs I use vsc and sometimes neovim  But none of them change python's atrocity of existing
1559866816821968897,ShahzaibNoor1,2022-08-17 11:36:44+00:00,An amazing #SQL cheat sheet #MachineLearning #DataScience #Cybersecurity #BigData #Analytics #AI #IIoT #Python #RStats #TensorFlow #JavaScript #ReactJS #CloudComputing #Serverless #DataScientist #Linux #Programming #Coding #100DaysofCode #NodeJS #golang #NLP #IoT #blockchain #AWS https://t.co/s77I7NcEhg
1559866826607448064,ozbargain,2022-08-17 11:36:47+00:00,Being Askhole: [eBook] Hands-On Python ADVANCED:52 Exercises; 3 Projects; 3 Assignments &amp; Exam (756 Pages) US$0.99 @ Amazon US; A$12.99 @ Udemy https://t.co/plJ1cSbCZ7
